{
  "num_episodes": 20,
  "mean_reward": -98.6771716714264,
  "std_reward": 206.96167142111003,
  "max_reward": 212.11520525977457,
  "min_reward": -452.08424271858183,
  "mean_length": 100.0,
  "mean_delay": 13206.090000000006,
  "mean_tasks": 365.1,
  "success_rate": 0.35,
  "timestamp": "2025-11-02T00:49:49.730599",
  "model": "./models/a2c_extended_20251102_004932",
  "detailed": {
    "episode_rewards": [
      15.875690598939423,
      104.89958356018852,
      137.29149039896947,
      212.11520525977457,
      -452.08424271858183,
      -268.606092991321,
      -121.27782209025817,
      -3.2177835721659926,
      -369.00290856601714,
      -192.49051218284504,
      -346.04627317106986,
      -125.73432909238642,
      -107.94666502438106,
      151.93874868031287,
      -215.0170089544498,
      -40.58208024891856,
      -428.7256125915832,
      -243.13076507212872,
      167.07893812572965,
      151.11900622366474
    ],
    "episode_lengths": [
      100,
      100,
      100,
      100,
      100,
      100,
      100,
      100,
      100,
      100,
      100,
      100,
      100,
      100,
      100,
      100,
      100,
      100,
      100,
      100
    ],
    "episode_delays": [
      13149.899999999985,
      12683.500000000013,
      12755.899999999987,
      12635.000000000013,
      11615.000000000005,
      13634.99999999999,
      14140.00000000001,
      14150.00000000001,
      12953.000000000015,
      14767.200000000015,
      14002.199999999983,
      14865.000000000013,
      12187.900000000014,
      12169.000000000013,
      13159.699999999986,
      13294.699999999984,
      14740.500000000015,
      12159.400000000012,
      13216.399999999985,
      11842.500000000007
    ],
    "episode_tasks": [
      198,
      679,
      762,
      199,
      0,
      0,
      0,
      199,
      518,
      669,
      648,
      425,
      291,
      294,
      394,
      358,
      90,
      96,
      863,
      619
    ],
    "episode_success": [
      1,
      1,
      1,
      1,
      0,
      0,
      0,
      0,
      0,
      0,
      0,
      0,
      0,
      1,
      0,
      0,
      0,
      0,
      1,
      1
    ]
  }
}