{
  "num_episodes": 20,
  "mean_reward": 205.85344351292215,
  "std_reward": 193.03522047754285,
  "max_reward": 674.3589190465209,
  "min_reward": -77.8958813791919,
  "mean_length": 100.0,
  "mean_delay": 13440.715000000006,
  "mean_tasks": 566.55,
  "success_rate": 0.8,
  "timestamp": "2025-11-02T01:52:05.821771",
  "model": "./models/ppo_continued_20251102_014235.zip",
  "detailed": {
    "episode_rewards": [
      355.19513451141887,
      93.30979137362294,
      -77.8958813791919,
      -13.37407887949197,
      26.416798044743086,
      141.688171200505,
      232.97125274378598,
      403.1892500052288,
      420.3477366438702,
      394.02473922954164,
      340.7763002705976,
      244.86851333310972,
      37.62696256136639,
      -40.975451933315185,
      305.2360928599513,
      292.1640840778042,
      -61.51472961608918,
      124.06590249996404,
      674.3589190465209,
      224.58936366449979
    ],
    "episode_lengths": [
      100,
      100,
      100,
      100,
      100,
      100,
      100,
      100,
      100,
      100,
      100,
      100,
      100,
      100,
      100,
      100,
      100,
      100,
      100,
      100
    ],
    "episode_delays": [
      12994.799999999997,
      14365.70000000001,
      13547.100000000013,
      13581.900000000003,
      13619.69999999999,
      12116.200000000017,
      14645.900000000014,
      13315.799999999992,
      12587.900000000001,
      14267.50000000001,
      12992.499999999993,
      13994.399999999998,
      14274.700000000003,
      12246.70000000002,
      14178.50000000001,
      14160.60000000001,
      13078.89999999999,
      12284.60000000002,
      12081.90000000001,
      14479.000000000022
    ],
    "episode_tasks": [
      638,
      745,
      146,
      122,
      35,
      659,
      455,
      1059,
      718,
      799,
      419,
      375,
      588,
      458,
      509,
      452,
      356,
      884,
      1057,
      857
    ],
    "episode_success": [
      1,
      1,
      0,
      0,
      1,
      1,
      1,
      1,
      1,
      1,
      1,
      1,
      1,
      0,
      1,
      1,
      0,
      1,
      1,
      1
    ]
  }
}