{
  "num_episodes": 20,
  "mean_reward": 168.57123834443652,
  "std_reward": 215.28896353989543,
  "max_reward": 593.2741810893216,
  "min_reward": -141.74497855221574,
  "mean_length": 100.0,
  "mean_delay": 13373.009999999998,
  "mean_tasks": 668.35,
  "success_rate": 0.75,
  "timestamp": "2025-11-01T17:34:48.766102",
  "model": "./models/ppo_extended_20251101_173402",
  "detailed": {
    "episode_rewards": [
      83.91966578006952,
      593.2741810893216,
      208.72859443018862,
      128.474012637709,
      -112.8092195813832,
      433.8824270814385,
      517.0794081495881,
      -17.45513154907437,
      -141.74497855221574,
      80.14955728930863,
      337.8299430601312,
      -86.12394427898842,
      447.54395254255223,
      15.806944752862657,
      344.17525572368714,
      116.0023999332889,
      74.78387842027506,
      348.4332801371928,
      -5.122835581266128,
      4.59737540404431
    ],
    "episode_lengths": [
      100,
      100,
      100,
      100,
      100,
      100,
      100,
      100,
      100,
      100,
      100,
      100,
      100,
      100,
      100,
      100,
      100,
      100,
      100,
      100
    ],
    "episode_delays": [
      13369.099999999995,
      13300.79999999999,
      13142.599999999993,
      12790.799999999992,
      11850.500000000002,
      10649.899999999994,
      14582.600000000019,
      13447.500000000011,
      13106.899999999985,
      12925.599999999999,
      13896.999999999984,
      13906.899999999985,
      13033.4,
      14415.200000000015,
      12820.699999999993,
      13814.399999999989,
      13899.699999999988,
      14369.500000000011,
      13220.199999999986,
      14916.900000000014
    ],
    "episode_tasks": [
      510,
      996,
      472,
      440,
      576,
      749,
      1475,
      580,
      166,
      1151,
      999,
      465,
      1068,
      755,
      725,
      604,
      284,
      490,
      343,
      519
    ],
    "episode_success": [
      1,
      1,
      1,
      1,
      0,
      1,
      1,
      0,
      0,
      1,
      1,
      0,
      1,
      1,
      1,
      1,
      1,
      1,
      0,
      1
    ]
  }
}